sample-ID,plot ID,Tree species,Sc. name,Dutch soil code,soil catagory,lat,long,stem bark,stem bark,stem bark,stem bark,stem bark,stem bark,stem bark,stem sapwood,stem sapwood,stem sapwood,stem sapwood,stem sapwood,stem sapwood,stem sapwood,stem heartwood,stem heartwood,stem heartwood,stem heartwood,stem heartwood,stem heartwood,stem heartwood,Stem wood,Stem wood,Stem wood,Stem wood,Stem wood,Stem wood,Stem wood,Coarse branch bark,Coarse branch bark,Coarse branch bark,Coarse branch bark,Coarse branch bark,Coarse branch bark,Coarse branch bark,Coarse branch wood without bark,Coarse branch wood without bark,Coarse branch wood without bark,Coarse branch wood without bark,Coarse branch wood without bark,Coarse branch wood without bark,Coarse branch wood without bark,Fine branches,Fine branches,Fine branches,Fine branches,Fine branches,Fine branches,Fine branches
sample-ID,plot ID,Tree species,Sc. name,Dutch soil code,soil catagory,lat,long,Ca,K,Mg,P,S,N,C,Ca,K,Mg,P,S,N,C,Ca,K,Mg,P,S,N,C,Ca,K,Mg,P,S,N,C,Ca,K,Mg,P,S,N,C,Ca,K,Mg,P,S,N,C,Ca,K,Mg,P,S,N,C
1,NPDHV1,Scots pine ,Pinus sylvestris,Hd30,poor,52.0368,5.8324,1.94,0.4,0.21,0.12,0.38,6.21,555,0.63,0.5,0.25,0.04,0.09,1.79,499,1.16,0.3,0.23,0.01,0.08,1.95,565,NA,NA,NA,NA,NA,NA,NA,5.23,1.8,1.11,0.58,0.54,8.07,516,0.91,0.5,0.28,0.07,0.12,2.22,506,1.62,1.8,0.57,0.33,0.46,5.3,531
2,NPDHV2,Douglas fir ,Pseudotsuga menziesii,Hd30,poor,52.0344,5.8348,2.25,1.2,0.3,0.17,0.31,4.05,544,0.45,0.6,0.1,0.08,0.09,1.68,499,0.17,0,0.01,0.01,0.06,1.63,509,NA,NA,NA,NA,NA,NA,NA,6.99,1.7,0.8,0.4,0.4,5.12,520,0.65,0.3,0.14,0.04,0.08,1.7,517,4.7,0.8,0.54,0.29,0.3,3.8,516
3,LDGTW1,Scots pine ,Pinus sylvestris,Hn23,moderate,52.2763,6.7427,1.42,0.8,0.13,0.13,0.3,5.93,549,0.53,0.5,0.16,0.05,0.1,1,500,0.8,0.4,0.22,0.03,0.09,1.35,549,NA,NA,NA,NA,NA,NA,NA,6.64,3.2,0.98,0.59,0.53,6.84,499,1.08,0.6,0.32,0.06,0.12,1.36,510,2.33,1.9,0.37,0.3,0.48,5.61,523
4,LDGTW1,Norway spruce ,Picea abies,Hn23,moderate,52.2763,6.7427,7.89,3.5,0.87,0.53,0.47,6.26,504,NA,NA,NA,NA,NA,NA,NA,NA,NA,NA,NA,NA,NA,NA,0.76,0.4,0.11,0.04,0.06,1.31,511,9.35,3,0.93,0.71,0.57,8.14,499,0.81,0.6,0.15,0.1,0.09,1.54,501,2.2,2.1,0.42,0.39,0.53,5.13,507
5,LDGTW2,Japanese larch,Larix kaempferi,Hn21,poor,52.2533,6.6823,3,1.5,0.58,0.24,0.34,5.27,533,0.28,0.1,0.06,0.01,0.05,1.37,513,0.27,0.3,0.09,0.03,0.05,1.19,507,NA,NA,NA,NA,NA,NA,NA,3.92,2.8,1.04,0.4,0.35,4.68,515,0.68,0.4,0.24,0.03,0.06,1.37,505,2.05,1.8,0.51,0.28,0.26,3.9,517
6,SBBAB1,Beech ,Fagus sylvatica,Y30,moderate,52.0047,5.4927,9.14,2.4,0.53,0.35,0.42,8.91,507,NA,NA,NA,NA,NA,NA,NA,NA,NA,NA,NA,NA,NA,NA,0.66,1,0.32,0.08,0.1,1.51,489,6.11,1.6,0.44,0.27,0.35,6.24,512,0.66,1.1,0.39,0.1,0.11,1.82,488,2.09,1.2,0.41,0.33,0.34,5.38,498
7,SBBAB2,Japanese larch,Larix kaempferi,Y30,moderate,52.0095,5.4852,1.41,0.6,0.22,0.12,0.26,4.54,540,0.29,0.2,0.09,0.04,0.05,1,495,0.27,0.2,0.06,0.01,0.05,1.23,504,NA,NA,NA,NA,NA,NA,NA,5.14,2.5,0.64,0.48,0.38,5.48,510,1.08,0.4,0.41,0.03,0.06,1.03,499,3.31,1.6,0.52,0.33,0.29,4.26,517
8,SBBAB3,Douglas fir ,Pseudotsuga menziesii,Y30,moderate,52.0083,5.4873,1.11,0.5,0.11,0.1,0.2,3.03,580,0.26,0.3,0.06,0.05,0.06,1.16,497,0.14,0,0.01,0.01,0.06,2.1,530,NA,NA,NA,NA,NA,NA,NA,3.9,2.3,0.76,0.49,0.42,5.42,508,0.8,0.3,0.23,0.04,0.09,1.43,507,1.83,1.4,0.41,0.3,0.25,3.5,505
9,SBBAB4,Scots pine ,Pinus sylvestris,Y30,moderate,52.0134,5.4972,3.56,1,0.3,0.17,0.34,6.18,539,0.37,0.3,0.12,0.05,0.08,1.38,497,0.58,0.3,0.16,0.02,0.06,1.2,504,NA,NA,NA,NA,NA,NA,NA,4.44,2.2,1.65,0.55,0.62,7.73,504,0.81,0.4,0.27,0.05,0.1,1.5,519,1.69,1.2,0.37,0.25,0.32,4.26,537
10,SBBAB4,Japanese larch,Larix kaempferi,Y30,moderate,52.0134,5.4972,1.76,1.7,0.4,0.27,0.35,5.17,527,0.19,0.3,0.07,0.05,0.06,1.22,496,0.17,0.2,0.04,0.01,0.05,1.2,499,NA,NA,NA,NA,NA,NA,NA,4.51,2.9,1.06,0.57,0.45,6.08,503,0.53,0.3,0.16,0.03,0.08,1.63,507,2.49,2.2,0.57,0.45,0.33,5.19,521
11,QUADE1,Douglas fir ,Pseudotsuga menziesii,Y30,moderate,52.0007,5.7271,1.38,2.5,0.37,0.35,0.37,5.33,549,0.29,0.5,0.1,0.05,0.06,1.38,496,0.19,0.1,0.03,0.01,0.06,1.35,508,NA,NA,NA,NA,NA,NA,NA,3.34,4.2,0.93,0.63,0.76,8.73,536,0.49,0.4,0.2,0.04,0.08,1.71,507,2.02,1.6,0.57,0.25,0.21,3.41,513
12,QUADE2,Scots pine ,Pinus sylvestris,Y30,moderate,51.9974,5.7242,1.84,2,0.35,0.33,0.45,5.97,551,0.5,0.5,0.15,0.07,0.09,1.09,502,1.12,0.3,0.21,0.01,0.08,1.46,538,NA,NA,NA,NA,NA,NA,NA,2.84,3.1,0.81,0.77,0.54,8.61,505,0.66,0.9,0.24,0.09,0.11,1.98,504,1.05,2,0.34,0.37,0.39,4.8,515
13,TONGE1,Scots pine ,Pinus sylvestris,Hd23,moderate,52.3447,5.9037,3.37,0.8,0.4,0.13,0.34,4.54,543,0.5,0.3,0.12,0.04,0.08,0.63,502,0.85,0.3,0.16,0.01,0.06,1,531,NA,NA,NA,NA,NA,NA,NA,12.7,3,1.14,0.48,0.46,5.88,499,0.79,0.3,0.2,0.02,0.06,0.57,543,2.14,1.6,0.44,0.22,0.28,3.49,519
14,TONGE2,Norway spruce ,Picea abies,zEZ21,moderate,52.3468,5.9217,8.62,2.9,0.91,0.43,0.44,5.86,512,NA,NA,NA,NA,NA,NA,NA,NA,NA,NA,NA,NA,NA,NA,0.7,0.5,0.14,0.04,0.06,0.77,500,12.1,2.9,1.16,0.74,0.56,8.41,501,1.01,0.8,0.25,0.11,0.1,1.28,521,1.84,4.3,0.81,0.96,0.68,8.36,510
15,TONGE2,Douglas fir ,Pseudotsuga menziesii,zEZ21,moderate,52.3468,5.9217,0.99,0.5,0.15,0.15,0.24,2.8,576,0.33,0.4,0.07,0.06,0.07,0.59,498,0.18,0.1,0.02,0.01,0.06,0.69,512,NA,NA,NA,NA,NA,NA,NA,3.35,1.9,0.66,0.49,0.41,4.74,518,0.62,0.2,0.17,0.04,0.07,1,509,3.63,2.1,0.45,0.43,0.28,3.58,510
16,TONGE3,Japanese larch,Larix kaempferi,Zn21,poor,52.3455,5.9254,1.07,1.5,0.33,0.15,0.33,3.48,545,0.18,0.4,0.07,0.04,0.05,1.2,500,0.19,0.1,0.06,0.01,0.05,0.71,505,NA,NA,NA,NA,NA,NA,NA,2.86,2.7,0.86,0.4,0.37,4.78,516,0.55,0.3,0.19,0.02,0.06,1.32,509,1.52,1.9,0.46,0.33,0.25,4.1,513
17,TONGE3,Douglas fir ,Pseudotsuga menziesii,Zn21,poor,52.3455,5.9254,1.43,0.8,0.21,0.14,0.22,3.25,576,0.41,0.4,0.1,0.06,0.07,1.27,498,0.16,0,0.02,0.01,0.05,1.13,502,NA,NA,NA,NA,NA,NA,NA,5.18,2.1,0.83,0.36,0.33,4.59,510,0.76,0.2,0.2,0.03,0.07,1.66,512,3.67,2.2,0.46,0.33,0.3,4.01,510
18,TONGE4,Norway spruce ,Picea abies,Y23,rich,52.3623,5.9342,13.2,1.4,0.56,0.26,0.38,5.28,517,NA,NA,NA,NA,NA,NA,NA,NA,NA,NA,NA,NA,NA,NA,0.74,0.4,0.11,0.02,0.05,1.31,497,20.3,1.9,1.07,0.45,0.51,7.53,500,1.82,0.4,0.31,0.04,0.08,1.47,525,3.33,3,0.95,0.47,0.53,7.93,509
19,TONGE4,Scots pine ,Pinus sylvestris,Y23,rich,52.3623,5.9342,4.21,0.5,0.14,0.08,0.23,3.8,551,0.54,0.4,0.12,0.04,0.06,1,503,0.81,0.3,0.16,0.01,0.06,1.09,527,NA,NA,NA,NA,NA,NA,NA,9.13,3.2,0.85,0.52,0.5,7.27,508,0.96,0.4,0.26,0.04,0.08,1.35,516,1.88,1.7,0.45,0.26,0.37,4.47,515
20,TONGE4,Japanese larch,Larix kaempferi,Y23,rich,52.3623,5.9342,2.06,1.8,0.32,0.16,0.26,3.79,526,0.28,0.4,0.08,0.04,0.05,1.18,495,0.27,0.3,0.06,0.01,0.05,1.37,504,NA,NA,NA,NA,NA,NA,NA,4.04,4.2,0.74,0.47,0.36,5.43,514,0.61,0.6,0.2,0.07,0.1,1.73,507,2.34,3,0.52,0.45,0.35,5.03,513
21,TONGE4,Douglas fir ,Pseudotsuga menziesii,Y23,rich,52.3623,5.9342,1.45,0.4,0.14,0.11,0.21,3.38,583,0.32,0.4,0.07,0.06,0.06,1.29,499,0.15,0.1,0.01,0.01,0.04,1.23,503,NA,NA,NA,NA,NA,NA,NA,7.64,2,0.61,0.3,0.33,4.22,509,0.97,0.1,0.18,0.04,0.08,1.69,516,3.49,2.3,0.39,0.27,0.27,3.74,509
22,QUADE3,Douglas fir ,Pseudotsuga menziesii,zEZ30,moderate,51.9992,5.7302,1.24,0.6,0.19,0.19,0.33,3.94,588,0.35,0.6,0.09,0.1,0.1,1.58,500,0.27,0,0.02,0.02,0.05,1.41,508,NA,NA,NA,NA,NA,NA,NA,4.25,2.5,0.81,0.58,0.39,5.93,519,0.5,0.1,0.12,0.04,0.07,1.47,517,4.93,2,0.48,0.51,0.36,4.88,514
23,QUADE3,Japanese larch,Larix kaempferi,zEZ30,moderate,51.9992,5.7302,3.25,1,0.31,0.23,0.34,5,540,0.18,0.3,0.05,0.05,0.06,1.33,499,0.24,0.2,0.04,0.02,0.05,1.65,503,NA,NA,NA,NA,NA,NA,NA,5.23,3.9,1.18,0.74,0.63,8.41,519,1.22,0.7,0.38,0.04,0.06,1.19,510,2.77,1.3,0.55,0.5,0.34,5.26,510
24,MONTF1,Beech ,Fagus sylvatica,Y30,moderate,51.9114,6.2148,10.4,1.9,0.71,0.35,0.42,9.69,515,NA,NA,NA,NA,NA,NA,NA,NA,NA,NA,NA,NA,NA,NA,0.97,1.1,0.28,0.08,0.12,1.79,488,6.27,1.5,0.61,0.29,0.43,7.88,509,0.71,1.2,0.22,0.08,0.11,2.17,491,1.95,1,0.33,0.27,0.4,6.7,494
25,MONTF1,Norway spruce ,Picea abies,Y30,moderate,51.9114,6.2148,7.89,1.7,0.49,0.29,0.3,4.38,513,NA,NA,NA,NA,NA,NA,NA,NA,NA,NA,NA,NA,NA,NA,0.71,0.3,0.11,0.01,0.05,1.38,494,9.33,1.5,0.69,0.43,0.43,6.34,528,0.79,0.4,0.16,0.04,0.06,1.55,499,2.46,1.2,0.5,0.33,0.27,4.52,509
26,MONTF1,Common oak ,Quercus robur,Y30,moderate,51.9114,6.2148,15.5,1.4,0.67,0.21,0.48,6.24,503,0.34,0.9,0.05,0.07,0.11,2.08,491,0.56,0.5,0.07,0.02,0.14,1.81,487,NA,NA,NA,NA,NA,NA,NA,7.01,2.1,0.93,0.31,0.61,7.67,506,0.45,1.1,0.13,0.09,0.13,2.01,489,2.26,1.6,0.56,0.33,0.44,5.7,500
27,MONTF1,Japanese larch,Larix kaempferi,Y30,moderate,51.9114,6.2148,3.15,2.4,0.68,0.38,0.41,5.79,517,0.23,0.2,0.05,0.02,0.04,1.18,497,0.3,0.2,0.07,0.01,0.05,1.27,513,NA,NA,NA,NA,NA,NA,NA,4.37,3,0.75,0.54,0.51,6.87,531,1.64,0.7,0.39,0.06,0.08,1.27,505,3.63,2.6,0.54,0.52,0.4,6.04,514
28,QUADE4,Common oak ,Quercus robur,Y30,moderate,51.9976,5.7271,12.1,2.1,0.72,0.29,0.59,7.7,509,0.48,1.6,0.12,0.24,0.2,2.84,479,0.18,0.3,0.02,0.02,0.12,2.2,494,NA,NA,NA,NA,NA,NA,NA,7.65,2.7,0.93,0.38,0.66,7.91,507,0.47,2.7,0.35,0.14,0.17,2.12,483,3.73,2.6,0.57,0.54,0.46,6.55,493
29,MONTF2,Norway spruce ,Picea abies,Y21,moderate,51.9144,6.2092,7.53,3,0.47,0.35,0.36,5.79,519,NA,NA,NA,NA,NA,NA,NA,NA,NA,NA,NA,NA,NA,NA,0.86,0.6,0.12,0.01,0.05,1.4,498,8.68,2.9,0.84,0.56,0.41,6.15,514,1.13,0.6,0.19,0.05,0.07,1.46,511,3.45,2,0.67,0.44,0.42,5.99,488
30,MONTF2,Douglas fir ,Pseudotsuga menziesii,Y21,moderate,51.9144,6.2092,2.55,1,0.49,0.18,0.29,3.81,542,0.24,0.3,0.11,0.04,0.06,1.01,497,0.14,0.1,0.02,0.01,0.05,1.54,502,NA,NA,NA,NA,NA,NA,NA,4.47,3.4,0.83,0.89,0.48,7.63,522,0.62,0.6,0.15,0.05,0.09,1.51,509,2.51,1.9,0.41,0.5,0.37,4.81,500
31,MONTF2,Japanese larch,Larix kaempferi,Y21,moderate,51.9144,6.2092,2.11,1.2,0.33,0.27,0.32,4.29,530,0.21,0.2,0.05,0.04,0.06,1.05,495,0.28,0.1,0.05,0.01,0.05,1.05,501,NA,NA,NA,NA,NA,NA,NA,2.96,1.9,0.45,0.41,0.4,5.58,531,0.82,0.3,0.23,0.02,0.06,1,508,2.41,1.6,0.43,0.4,0.31,4.49,519
32,MONTF2,Common oak ,Quercus robur,Y21,moderate,51.9144,6.2092,14.9,1.3,0.58,0.19,0.55,7.69,514,0.33,1.1,0.09,0.13,0.15,3.07,492,0.24,0.6,0.03,0.09,0.11,1.26,492,NA,NA,NA,NA,NA,NA,NA,6.23,2.1,0.91,0.24,0.56,6.76,522,0.45,1.8,0.16,0.15,0.19,2.86,489,2.41,3.3,0.76,0.45,0.59,8.85,500
33,MONTF2,Beech ,Fagus sylvatica,Y21,moderate,51.9144,6.2092,12.3,1.7,0.28,0.32,0.37,7.43,497,NA,NA,NA,NA,NA,NA,NA,NA,NA,NA,NA,NA,NA,NA,0.76,1,0.29,0.09,0.17,2.48,479,8.33,2,0.42,0.4,0.36,7.17,500,0.84,1.2,0.43,0.09,0.13,2.12,480,3.04,1.5,0.34,0.58,0.33,5.79,491
34,KOOIB1,Beech ,Fagus sylvatica,Y30,moderate,52.1759,5.8978,5.22,1.2,0.7,0.34,0.49,8.84,521,NA,NA,NA,NA,NA,NA,NA,NA,NA,NA,NA,NA,NA,NA,0.6,0.5,0.25,0.06,0.1,1.6,487,3.79,1,0.57,0.31,0.38,6.84,511,0.55,0.8,0.29,0.13,0.14,2.24,486,1.9,1.2,0.54,0.31,0.3,5.06,496
35,KOOIB1,Common oak ,Quercus robur,Y30,moderate,52.1759,5.8978,5.14,0.9,0.52,0.22,0.63,7.96,527,0.25,0.4,0.05,0.05,0.13,2.09,490,0.26,0.3,0.03,0.02,0.11,1.71,491,NA,NA,NA,NA,NA,NA,NA,4.19,1.2,0.9,0.29,0.61,7.46,517,0.45,0.4,0.09,0.07,0.17,2.42,505,0.89,1.1,0.48,0.37,0.33,4.93,489
36,MONTF3,Scots pine ,Pinus sylvestris,Y21,moderate,51.919,6.2159,2.08,0.5,0.12,0.08,0.24,4.06,552,0.57,0.4,0.17,0.06,0.08,,0,0.76,0.2,0.15,0.01,0.05,NA,0,NA,NA,NA,NA,NA,NA,NA,1.73,1,0.25,0.21,0.32,4.42,549,0.88,0.4,0.29,0.04,0.08,1.36,518,2.74,2,0.37,0.48,0.43,5.67,509
37,TREEK1,Norway spruce ,Picea abies,Y30,moderate,52.0848,5.3406,8.31,2,0.87,0.34,0.31,5.28,514,NA,NA,NA,NA,NA,NA,NA,NA,NA,NA,NA,NA,NA,NA,0.87,0.4,0.16,0.02,0.06,1.1,501,9.94,1.9,1.08,0.44,0.49,7.37,516,1.04,0.5,0.21,0.08,0.09,1.37,510,3.26,3,0.97,0.66,0.55,8.55,510
38,TREEK2,Norway spruce ,Picea abies,Y30,moderate,52.0743,5.3461,7.22,2.2,1.04,0.48,0.36,5.79,516,NA,NA,NA,NA,NA,NA,NA,NA,NA,NA,NA,NA,NA,NA,0.55,0.7,0.19,0.03,0.05,0.91,493,9.35,2.3,1.67,0.59,0.6,9.7,495,0.9,0.4,0.32,0.04,0.06,1.24,520,2.9,1.7,0.95,0.38,0.45,6.8,503
39,TREEK3,Scots pine ,Pinus sylvestris,Hd21,poor,52.0798,5.3584,1.51,0.3,0.08,0.09,0.21,3.18,558,0.54,0.6,0.14,0.09,0.1,1.39,494,0.81,0.2,0.19,0.02,0.11,1.58,575,NA,NA,NA,NA,NA,NA,NA,4.98,2.7,1.06,0.44,0.43,5.44,507,0.83,0.6,0.29,0.07,0.09,1.23,504,1.58,3.3,0.62,0.57,0.56,5.96,517
40,TREEK4,Common oak ,Quercus robur,Hd21,poor,52.0775,5.3516,10.5,1.4,0.72,0.24,0.38,5.92,500,0.41,0.8,0.13,0.09,0.12,1.93,485,0.35,0.2,0.04,0.01,0.1,1.47,489,NA,NA,NA,NA,NA,NA,NA,5.29,2.7,0.76,0.45,0.7,9.15,504,0.66,0.9,0.18,0.13,0.19,2.58,487,2.1,1.3,0.57,0.33,0.57,6.78,496
41,TREEK4,Beech ,Fagus sylvatica,Hd21,poor,52.0775,5.3516,22.4,2.2,0.36,0.4,0.43,7.92,484,NA,NA,NA,NA,NA,NA,NA,NA,NA,NA,NA,NA,NA,NA,0.69,1.1,0.23,0.11,0.13,2.35,489,9.48,1.7,0.43,0.39,0.46,8.53,517,1.02,1,0.21,0.16,0.13,2.96,485,1.9,2.7,0.32,0.38,0.31,4.66,496
42,TREEK5,Norway spruce ,Picea abies,Hd21,poor,52.1001,5.3784,19.3,1.7,0.69,0.41,0.33,5.27,510,NA,NA,NA,NA,NA,NA,NA,NA,NA,NA,NA,NA,NA,NA,1.13,0.3,0.16,0.02,0.06,1.17,507,16.6,2.4,1.38,1.09,0.65,9.55,492,1.35,0.4,0.22,0.09,0.08,1.81,520,3.92,1.9,0.82,0.67,0.53,7.21,518
43,TREEK6,Douglas fir ,Pseudotsuga menziesii,Hd21,poor,52.0753,5.3504,2.92,1.4,0.46,0.23,0.32,3.38,528,0.57,2,0.19,0.05,0.08,1.48,505,1.12,2.3,0.36,0.01,0.08,1.51,510,NA,NA,NA,NA,NA,NA,NA,5.53,3.5,1.39,0.49,0.79,9.77,498,1.17,0.6,0.32,0.06,0.11,1.74,517,2.77,3,0.71,0.37,0.44,5.86,507
44,TREEK7,Japanese larch,Larix kaempferi,cZd31,moderate,52.0739,5.356,1.57,1.4,0.38,0.57,0.29,3.96,528,0.29,0.3,0.07,0.06,0.06,1.44,499,0.12,0.1,0.03,0.01,0.04,1.56,504,NA,NA,NA,NA,NA,NA,NA,2.78,2.9,0.7,0.76,0.42,6.03,515,0.42,0.2,0.11,0.04,0.06,1.44,505,2.01,1.5,0.53,0.59,0.35,5.65,510
45,LGHTM1,Norway spruce ,Picea abies,Hn21,poor,52.0572,5.374,12.7,1.5,0.58,0.3,0.38,5.7,516,NA,NA,NA,NA,NA,NA,NA,NA,NA,NA,NA,NA,NA,NA,0.95,0.3,0.14,0.02,0.05,1.21,503,19.6,2.2,1.05,0.62,0.59,9.45,492,1.77,0.3,0.2,0.05,0.08,1.41,517,4.43,1.2,0.51,0.28,0.3,4.68,510
46,LGHTM2,Common oak ,Quercus robur,Y21,moderate,52.0552,5.3673,7.53,2.1,0.8,0.3,0.64,7.88,521,0.49,1.5,0.2,0.25,0.17,3.01,477,0.26,0.4,0.03,0.02,0.12,1.71,487,NA,NA,NA,NA,NA,NA,NA,5.33,2.7,1.2,0.49,0.76,9.2,510,0.68,1.2,0.28,0.25,0.19,2.91,487,2.72,1.9,0.77,0.6,0.52,8.25,497
47,LGHTM2,Scots pine ,Pinus sylvestris,Y21,moderate,52.0552,5.3673,1.11,0.4,0.07,0.09,0.24,3.51,580,0.85,0.3,0.24,0.03,0.05,1.26,502,0.74,0.3,0.17,0.01,0.06,1.52,537,NA,NA,NA,NA,NA,NA,NA,3.42,2.2,0.65,0.52,0.54,6.82,515,0.72,0.6,0.26,0.08,0.11,1.79,502,1.61,1.5,0.47,0.31,0.37,5.1,511
48,LGHTM2,Beech ,Fagus sylvatica,Y21,moderate,52.0552,5.3673,22.8,2.9,0.39,0.45,0.39,7.29,479,NA,NA,NA,NA,NA,NA,NA,NA,NA,NA,NA,NA,NA,NA,0.96,1.1,0.18,0.11,0.14,2.28,490,23.7,2.5,0.45,0.61,0.47,8.79,480,1.16,1.4,0.3,0.37,0.18,3.61,482,3.34,1.6,0.39,0.67,0.34,5.2,488
101,leersum1,Common oak ,Quercus robur,Zn21,poor,52.0423,5.4346,8.23,1.2,0.94,0.2,0.62,NA,NA,0.41,1.3,0.18,0.11,0.16,2.07,485,0.25,0.5,0.03,0.01,0.12,1.89,494,NA,NA,NA,NA,NA,NA,NA,12.1,2.2,2.65,0.43,0.61,9,497,0.85,1.2,0.55,0.27,0.34,3.99,477,1.44,1.5,0.63,0.37,0.44,6.37,496
101,leersum1,Scots pine ,Pinus sylvestris,Zn21,poor,52.0423,5.4346,1.27,0.4,0.12,0.08,0.21,NA,NA,0.32,0.5,0.1,0.07,0.09,1.06,492,0.51,0.2,0.12,0.0000001,0.04,,0,NA,NA,NA,NA,NA,NA,NA,5.45,1.6,0.64,0.39,0.5,6.8,523,1.92,0.6,0.34,0.11,0.13,1.89,518,1.61,1.8,0.65,0.41,0.48,7.32,510
101,leersum1,Silver birch ,Betula pendula,Zn21,poor,52.0423,5.4346,3.73,1.1,0.56,0.31,0.45,6.72,543,NA,NA,NA,NA,NA,NA,NA,NA,NA,NA,NA,NA,NA,NA,0.69,0.9,0.36,0.21,0.09,1.99,486,6.79,0.7,0.7,0.42,0.49,8.37,543,1.06,0.4,0.48,0.41,0.24,3.82,493,2.48,0.7,0.72,0.7,0.48,9.04,503
102,leersum2,Common oak ,Quercus robur,Hn21,poor,52.041,5.4319,7.77,1,0.7,0.18,0.62,NA,NA,0.51,1.5,0.18,0.17,0.18,8.19,526,0.23,0.4,0.03,0.02,0.11,2.05,491,NA,NA,NA,NA,NA,NA,NA,9.44,1.9,1.11,0.44,0.69,10.2,505,1.15,1.3,0.27,0.23,0.28,3.78,480,2.02,1.5,0.62,0.35,0.46,7.59,494
102,leersum2,Scots pine ,Pinus sylvestris,Hn21,poor,52.041,5.4319,5.3,0.3,0.1,0.07,0.19,NA,NA,0.42,0.5,0.1,0.05,0.08,,0,0.52,0.2,0.11,0,0.04,0.96,565,NA,NA,NA,NA,NA,NA,NA,6.82,2.5,0.7,0.45,0.45,6.65,506,1.23,0.3,0.23,0.02,0.06,1.67,510,2.02,2.3,0.52,0.31,0.42,5.03,509
103,leersum3,Common oak ,Quercus robur,Hn21,poor,52.0408,5.4311,9.12,2.1,0.74,0.17,0.43,NA,NA,0.33,1.4,0.14,0.09,0.18,3.03,486,0.21,0.5,0.02,0.02,0.11,2.15,491,NA,NA,NA,NA,NA,NA,NA,7.9,2,1.01,0.37,0.89,12.5,511,0.78,1.2,0.23,0.15,0.35,5.65,490,3.53,2,0.71,0.34,0.65,8.21,495
103,leersum3,Scots pine ,Pinus sylvestris,Hn21,poor,52.0408,5.4311,0.67,0.3,0.06,0.04,0.22,NA,NA,0.58,0.6,0.08,0.08,0.13,,0,0.67,0.2,0.11,0,0.05,1.27,524,NA,NA,NA,NA,NA,NA,NA,4.71,3.8,0.71,0.47,0.59,8.17,515,2.37,1.6,0.4,0.14,0.24,3.09,511,1.77,2.8,0.7,0.37,0.48,6.87,514
104,leersum4,Common oak ,Quercus robur,cHn21,moderate,52.0384,5.4232,5.71,1.2,1.19,0.2,0.72,9.72,541,0.28,1.3,0.17,0.13,0.19,2.72,490,0.22,0.4,0.03,0.02,0.12,2.3,496,NA,NA,NA,NA,NA,NA,NA,5.03,2.6,1.62,0.38,0.59,8.67,502,1.58,1.8,0.62,0.27,0.3,4.47,490,2.49,2.6,0.83,0.49,0.54,7.93,499
104,leersum4,Silver birch ,Betula pendula,cHn21,moderate,52.0384,5.4232,3.99,0.6,0.5,0.19,0.27,4.69,553,NA,NA,NA,NA,NA,NA,NA,NA,NA,NA,NA,NA,NA,NA,0.5,0.5,0.22,0.05,0.06,1.16,483,2.61,1.9,0.77,0.52,0.62,8.13,533,0.56,0.7,0.14,0.08,0.11,NA,NA,1.54,1.9,0.69,0.62,0.39,7.32,503
104,leersum4,Scots pine ,Pinus sylvestris,cHn21,moderate,52.0384,5.4232,8.06,0.2,0.08,0.05,0.18,3.91,562,2.99,1,0.76,0.39,0.17,3.58,493,1.11,0.3,0.23,0.01,0.06,1.42,531,NA,NA,NA,NA,NA,NA,NA,NA,NA,NA,NA,NA,NA,NA,NA,NA,NA,NA,NA,NA,NA,NA,NA,NA,NA,NA,NA,NA
105,mastbos1,Douglas fir ,Pseudotsuga menziesii,Hn21,poor,51.5479,4.7716,0.62,0.9,0.18,0.15,0.2,NA,NA,0.21,0.4,0.08,0.05,0.07,0.83,493,0.07,0,0.01,0.01,0.03,0.74,501,NA,NA,NA,NA,NA,NA,NA,4.49,1.7,0.91,0.26,0.32,4.32,511,0.52,0.2,0.14,0.03,0.08,1.09,521,3.63,1.6,0.61,0.23,0.3,3.55,505
105,mastbos1,Scots pine ,Pinus sylvestris,Hn21,poor,51.5479,4.7716,1.38,0.6,0.11,0.05,0.18,4.2,546,0.45,0.5,0.09,0.05,0.07,,0,0.56,0.2,0.1,0.01,0.1,0.7,535,NA,NA,NA,NA,NA,NA,NA,5.96,2.9,1.03,0.41,0.53,7.71,509,1.1,0.9,0.36,0.11,0.16,2.79,508,2.44,1.9,0.66,0.27,0.39,5.8,509
105,mastbos1,Silver birch ,Betula pendula,Hn21,poor,51.5479,4.7716,1.84,0.6,0.35,0.08,0.13,3.95,526,NA,NA,NA,NA,NA,NA,NA,NA,NA,NA,NA,NA,NA,NA,0.35,0.5,0.22,0.04,0.06,1.71,483,3.94,1.4,0.64,0.22,0.36,5.87,524,0.68,0.8,0.37,0.09,0.1,2.73,487,2.35,1.8,0.7,0.33,0.5,7.88,500
105,mastbos1,Common oak ,Quercus robur,Hn21,poor,51.5479,4.7716,11.5,1.4,0.88,0.14,0.56,8.78,506,0.59,1.2,0.12,0.07,0.18,,0,0.43,0.4,0.03,0.02,0.13,2.52,491,NA,NA,NA,NA,NA,NA,NA,6.44,1,0.86,0.24,0.84,11.3,512,0.56,0.6,0.16,0.03,0.14,2.12,476,2.7,1.2,0.55,0.21,0.66,9,494
106,mastbos2,Scots pine ,Pinus sylvestris,cHn21,moderate,51.5483,4.7727,2.21,0.4,0.14,0.08,0.23,NA,NA,0.41,0.5,0.09,0.07,0.11,1.91,496,0.75,0.4,0.14,0.02,0.05,,0,NA,NA,NA,NA,NA,NA,NA,12.1,2.4,0.85,0.49,0.49,6.78,501,0.99,0.5,0.23,0.04,0.09,1.77,511,2.19,1.7,0.41,0.3,0.41,5.67,518
106,mastbos2,Common oak ,Quercus robur,cHn21,moderate,51.5483,4.7727,8.44,0.8,0.46,0.1,0.52,6.04,511,0.33,1.3,0.22,0.11,0.2,3.58,484,0.25,0.2,0.02,0.02,0.13,3,494,NA,NA,NA,NA,NA,NA,NA,3.41,2.1,0.97,0.35,0.85,9.91,509,1.06,1.6,0.31,0.18,0.42,6.83,487,1.88,1.8,0.67,0.25,0.71,10,498
106,mastbos2,Silver birch ,Betula pendula,cHn21,moderate,51.5483,4.7727,2.78,0.4,0.25,0.09,0.19,4.15,571,NA,NA,NA,NA,NA,NA,NA,NA,NA,NA,NA,NA,NA,NA,0.45,0.6,0.18,0.08,0.08,2.07,489,4.7,2.3,0.83,0.31,0.56,7.53,517,0.69,0.7,0.29,0.09,0.11,3.11,484,3.54,1.9,0.75,0.41,0.54,8.77,499
107,mastbos3,Douglas fir ,Pseudotsuga menziesii,Hn21,poor,51.5415,4.7622,1.26,1,0.2,0.15,0.2,3.17,543,0.23,0.4,0.08,0.05,0.05,1.78,497,0.05,0,0,0.01,0.04,1.67,500,NA,NA,NA,NA,NA,NA,NA,3.91,0.9,0.64,0.22,0.4,5.45,539,0.6,0.5,0.2,0.07,0.11,1.68,497,2.49,1.7,0.64,0.31,0.35,5.34,514
107,mastbos3,Scots pine ,Pinus sylvestris,Hn21,poor,51.5415,4.7622,1.62,0.5,0.1,0.05,0.22,NA,NA,0.48,0.4,0.1,0.05,0.1,1.35,495,0.72,0.3,0.14,0.01,0.07,1.94,567,NA,NA,NA,NA,NA,NA,NA,NA,NA,NA,NA,NA,NA,NA,NA,NA,NA,NA,NA,NA,NA,NA,NA,NA,NA,NA,NA,NA
108,mastbos4,Scots pine ,Pinus sylvestris,Hn21,poor,51.536,4.762,4.05,0.6,0.17,0.1,0.24,NA,NA,0.33,0.6,0.11,0.09,0.12,1.17,501,0.59,0.3,0.2,0.02,0.06,0.01,530,NA,NA,NA,NA,NA,NA,NA,NA,NA,NA,NA,NA,NA,NA,NA,NA,NA,NA,NA,NA,NA,NA,NA,NA,NA,NA,NA,NA
108,mastbos4,Silver birch ,Betula pendula,Hn21,poor,51.536,4.762,1.62,0.4,0.22,0.12,0.3,4.77,555,NA,NA,NA,NA,NA,NA,NA,NA,NA,NA,NA,NA,NA,NA,0.42,0.5,0.19,0.06,0.08,1.11,486,4.39,2.2,0.67,0.49,0.36,6.01,526,1.19,0.8,0.29,0.17,0.14,2.55,486,2,1.5,0.55,0.35,0.34,6.23,497
109,mastbos5,Japanese larch,Larix kaempferi,Hn21,poor,51.5466,4.773,2.37,1.2,0.44,0.2,0.26,NA,NA,0.35,0.5,0.11,0.09,0.09,,0,0.1,0.1,0.03,0.01,0.03,0.35,499,NA,NA,NA,NA,NA,NA,NA,4.8,2.6,1.15,0.55,0.85,7.82,515,1.16,0.6,0.39,0.03,0.08,NA,NA,3.14,2.6,0.87,0.55,0.56,7.5,508
110,mastbos6,Scots pine ,Pinus sylvestris,zWp,poor,51.5519,4.7546,2.38,0.8,0.14,0.11,0.24,NA,NA,0.46,0.3,0.1,0.04,0.07,0.84,498,0.9,0.2,0.17,0.01,0.05,1.5,516,NA,NA,NA,NA,NA,NA,NA,NA,NA,NA,NA,NA,NA,NA,NA,NA,NA,NA,NA,NA,NA,NA,NA,NA,NA,NA,NA,NA
110,mastbos6,Silver birch ,Betula pendula,zWp,poor,51.5519,4.7546,2.92,1,0.42,0.19,0.26,4.14,594,NA,NA,NA,NA,NA,NA,NA,NA,NA,NA,NA,NA,NA,NA,0.47,0.6,0.22,0.07,0.08,2.13,487,5.53,1.9,0.46,0.28,0.27,5.46,522,0.8,0.9,0.23,0.11,0.1,2.04,486,3.64,1.8,0.52,0.42,0.5,7.44,498
111,ruinen1,Norway spruce ,Picea abies,Hn21,poor,52.7447,6.4175,13.5,1.7,0.93,0.24,0.48,6.27,502,NA,NA,NA,NA,NA,NA,NA,NA,NA,NA,NA,NA,NA,NA,0.67,0.5,0.17,0.05,0.05,1.58,495,15,2.1,0.99,0.56,0.91,11.3,503,3.99,1,0.45,0.18,0.18,3.37,497,5.04,1.3,0.64,0.37,0.39,5.92,503
112,ruinen2,Japanese larch,Larix kaempferi,Hn21,poor,52.7449,6.4173,1.33,0.7,0.31,0.1,0.4,4.18,525,0.37,0.4,0.13,0.06,0.09,1.82,490,0.28,1,0.13,0.09,0.13,1.69,493,NA,NA,NA,NA,NA,NA,NA,2.76,4.2,1.06,0.7,0.73,9.51,518,0.77,1.4,0.28,0.24,0.21,3.36,495,2.23,2.2,0.74,0.51,0.46,6.43,507
112,ruinen2,Norway spruce ,Picea abies,Hn21,poor,52.7449,6.4173,6.88,2,0.86,0.25,0.35,5.61,521,NA,NA,NA,NA,NA,NA,NA,NA,NA,NA,NA,NA,NA,NA,0.66,0.5,0.12,0.04,0.05,1.52,493,16.3,2.3,0.89,0.5,0.72,9.42,500,1.23,0.6,0.16,0.08,0.1,2.02,514,4.52,1.6,0.54,0.37,0.44,5.28,505
113,ruinen3,Common oak ,Quercus robur,Hn21,poor,52.7144,6.3673,14.1,1.6,1.33,0.22,0.53,7.29,506,0.36,1.1,0.16,0.14,0.15,2.16,484,0.34,0.4,0.04,0.01,0.11,2.12,487,NA,NA,NA,NA,NA,NA,NA,6.85,2.9,1.89,0.76,0.98,12.9,507,2.44,1.9,0.65,0.64,0.34,6.78,481,2.08,1.8,0.99,0.66,0.48,7.76,492
113,ruinen3,Japanese larch,Larix kaempferi,Hn21,poor,52.7144,6.3673,1.77,1.1,0.45,0.3,0.5,5.81,526,0.43,0.5,0.1,0.11,0.13,1.88,492,0.14,0.1,0.03,0.01,0.05,1.82,495,NA,NA,NA,NA,NA,NA,NA,3.46,2.9,1.21,0.64,0.54,7.66,504,1.22,0.9,0.27,0.19,0.18,2.96,498,2.62,2.2,0.66,0.51,0.38,5.81,505
114,hardenberg1,Common oak ,Quercus robur,Zd21,poor,52.5595,6.5741,25.6,1.3,0.66,0.2,0.57,7.49,488,0.77,1.1,0.1,0.09,0.16,1.77,489,0.38,0.3,0.02,0.02,0.11,1.3,498,NA,NA,NA,NA,NA,NA,NA,27,2.7,0.81,0.51,0.87,10.8,485,0.95,1.5,0.27,0.11,0.18,2.09,479,7.1,1.8,0.39,0.3,0.5,6.69,488
114,hardenberg1,Japanese larch,Larix kaempferi,Zd21,poor,52.5595,6.5741,2.18,1.4,0.31,0.18,0.3,3.59,527,0.54,0.4,0.11,0.07,0.1,1.09,492,0.11,0.1,0.02,0.01,0.04,1.14,496,NA,NA,NA,NA,NA,NA,NA,4.35,2.4,0.86,0.45,0.52,6.75,510,3.34,0.6,0.16,0.14,0.16,2.15,516,3.44,2.1,0.8,0.45,0.48,6.25,505
115,hardenberg2,Common oak ,Quercus robur,Zn21,poor,52.546,6.5556,8.52,1.7,0.67,0.23,0.5,7,476,0.52,1.3,0.16,0.12,0.18,2.8,483,0.25,0.2,0.02,0.01,0.09,1.83,489,NA,NA,NA,NA,NA,NA,NA,5.74,2.5,0.89,0.5,0.76,11.3,511,0.97,1.5,0.28,0.31,0.4,6.68,482,2.6,2,0.64,0.58,0.65,10.3,490
116,hardenberg3,Beech ,Fagus sylvatica,Zn21,poor,52.5459,6.5543,11.6,1.7,0.86,0.5,0.48,8.91,483,NA,NA,NA,NA,NA,NA,NA,NA,NA,NA,NA,NA,NA,NA,0.59,0.7,0.2,0.08,0.1,1.86,486,4.88,1.5,0.63,0.42,0.48,7.92,507,0.98,0.6,0.3,0.24,0.13,3.14,477,1.8,1.3,0.46,0.67,0.39,7.66,492
116,hardenberg3,Norway spruce ,Picea abies,Zn21,poor,52.5459,6.5543,6.15,2,0.83,0.47,0.33,5.26,505,NA,NA,NA,NA,NA,NA,NA,NA,NA,NA,NA,NA,NA,NA,0.55,0.5,0.12,0.06,0.06,1.99,496,9.55,1.9,1.01,0.68,0.59,8.58,492,1.14,0.5,0.21,0.13,0.1,1.99,496,3.69,1.3,0.53,0.44,0.47,6.31,497
117,hardenberg4,Douglas fir ,Pseudotsuga menziesii,Zn21,poor,52.5367,6.5567,2.2,0.6,0.24,0.13,0.27,3.46,532,0.36,0.4,0.1,0.05,0.07,1.43,492,0.07,0,0,0.01,0.04,1.16,499,NA,NA,NA,NA,NA,NA,NA,5.51,2.3,0.97,0.45,0.63,7.42,506,0.76,0.8,0.26,0.11,0.12,2.28,500,3.47,2,0.76,0.36,0.47,5.62,509
117,hardenberg4,Common oak ,Quercus robur,Zn21,poor,52.5367,6.5567,8.89,1.2,0.89,0.23,0.64,9.23,506,0.87,1.5,0.23,0.08,0.11,2.34,470,0.4,0.5,0.06,0.02,0.09,1.91,478,NA,NA,NA,NA,NA,NA,NA,6.04,2.3,1.21,0.37,0.75,9.06,494,0.49,1.2,0.23,0.08,0.13,2.25,481,2.69,1.9,0.69,0.37,0.48,7.17,490
118,hardenberg5,Scots pine ,Pinus sylvestris,Zn21,poor,52.5292,6.5377,2.14,0.5,0.15,0.08,0.3,4.38,539,0.45,0.5,0.13,0.06,0.08,1.75,496,0.68,0.3,0.21,0.03,0.05,0.98,504,NA,NA,NA,NA,NA,NA,NA,4.65,2,0.44,0.32,0.34,5.19,515,1.22,0.2,0.2,0.01,0.06,1.71,531,2.1,1.9,0.48,0.32,0.38,5.7,511
118,hardenberg5,Silver birch ,Betula pendula,Zn21,poor,52.5292,6.5377,1.8,0.3,0.25,0.21,0.6,9.03,564,NA,NA,NA,NA,NA,NA,NA,NA,NA,NA,NA,NA,NA,NA,0.56,0.6,0.23,0.07,0.07,2.19,485,3.56,1.5,0.54,0.32,0.53,7.43,537,0.72,0.6,0.25,0.12,0.11,2.74,483,2.32,1.5,0.49,0.47,0.42,7.4,501
201,Gieten1,Norway spruce ,Picea abies,zWp,poor,52.9581,6.7326,7.83,2.8,1.35,0.51,0.39,5.13,501,NA,NA,NA,NA,NA,NA,NA,NA,NA,NA,NA,NA,NA,NA,0.61,0.5,0.14,0.03,0.05,1.06,499,6.97,3.4,1.22,0.58,0.61,7.31,508,0.89,0.6,0.26,0.06,0.09,1.7,506,3,2.2,0.84,0.55,0.5,6.57,508
202,Gieten2,Japanese larch,Larix kaempferi,Hn21,poor,52.9582,6.734,1.31,1.3,0.34,0.19,0.3,3.77,525,0.6,0.6,0.14,0.07,0.09,1.14,496,0.15,0.1,0.04,0.01,0.04,0.88,501,NA,NA,NA,NA,NA,NA,NA,2.88,2.3,0.64,0.34,0.4,4.83,535,0.33,0.3,0.1,0.02,0.06,0.97,503,2.39,2.4,0.66,0.59,0.6,8.81,510
203,Gieten3,Norway spruce ,Picea abies,Hn21,poor,52.9615,6.7321,6.83,2.8,1.19,0.53,0.49,5.52,510,NA,NA,NA,NA,NA,NA,NA,NA,NA,NA,NA,NA,NA,NA,0.76,0.4,0.14,0.04,0.06,1.34,499,9.22,2.8,0.96,0.52,0.48,6.69,509,0.83,0.6,0.19,0.04,0.06,1.24,507,3.33,1.9,0.67,0.54,0.48,5.59,507
204,Gieten4,Japanese larch,Larix kaempferi,Hn21,poor,52.9614,6.7327,1.32,1.3,0.4,0.24,0.26,3.86,535,0.47,0.4,0.18,0.09,0.1,1.68,493,0.07,0.1,0.02,0.01,0.04,1.18,497,NA,NA,NA,NA,NA,NA,NA,3.48,2.8,0.93,0.54,0.61,7.71,529,0.4,0.4,0.14,0.07,0.08,1.36,503,2.35,2.3,0.86,0.65,0.6,8.85,512
205,Gieten5,Silver birch ,Betula pendula,Hn21,poor,52.9611,6.7335,3.21,0.8,0.41,0.2,0.43,7.7,562,NA,NA,NA,NA,NA,NA,NA,NA,NA,NA,NA,NA,NA,NA,0.56,0.7,0.25,0.06,0.09,1.82,485,5.87,2.2,0.8,0.5,0.51,8.12,534,0.72,0.9,0.38,0.21,0.2,3.56,489,3.06,1.7,0.73,0.45,0.45,7.15,503
206,Gieten6,Japanese larch,Larix kaempferi,Hd21,poor,52.9621,6.739,2.3,2.4,0.65,0.29,0.32,5.35,521,0.41,0.5,0.1,0.06,0.08,1.53,493,0.1,0.1,0.03,0.01,0.04,0.91,490,NA,NA,NA,NA,NA,NA,NA,4.44,3.3,1.27,0.54,0.55,7.11,519,0.59,0.5,0.14,0.06,0.08,1.69,504,3.25,2.7,0.77,0.52,0.49,6.7,511
206,Gieten6,Common oak ,Quercus robur,Hd21,poor,52.9621,6.739,11.6,2.2,0.91,0.3,0.52,8.34,499,0.8,1.5,0.21,0.14,0.16,2.58,478,0.29,0.4,0.03,0.02,0.09,1.61,479,NA,NA,NA,NA,NA,NA,NA,7.88,4.6,1.28,0.61,0.78,11.8,489,0.78,1.3,0.27,0.1,0.16,2.61,478,2.87,2,0.7,0.45,0.52,8.25,493
207,Gieten7,Common oak ,Quercus robur,Hn23x,moderate,52.9622,6.7372,17,1.5,0.66,0.25,0.45,7.15,497,0.47,1.7,0.16,0.14,0.15,2.4,484,0.22,0.7,0.02,0.02,0.1,2.08,488,NA,NA,NA,NA,NA,NA,NA,17.5,3.9,1.08,0.45,0.8,9.46,491,1.41,1.5,0.39,0.14,0.19,2.65,476,5.55,2.5,0.75,0.47,0.5,7.89,485
208,Gieten8,Silver birch ,Betula pendula,Hn23x,moderate,52.9592,6.7425,4.48,0.6,0.36,0.2,0.31,5.3,552,NA,NA,NA,NA,NA,NA,NA,NA,NA,NA,NA,NA,NA,NA,0.81,0.5,0.25,0.11,0.1,2.13,480,8.31,2.1,0.67,0.57,0.57,8.16,514,2.04,0.8,0.62,0.18,0.12,2.35,483,3.3,1.7,0.62,0.86,0.49,7.82,503
301,Leende1,Scots pine ,Pinus sylvestris,Zd21,poor,51.3294,5.5268,1.43,0.6,0.1,0.15,0.21,3.68,546,0.52,0.5,0.14,0.06,0.08,1.31,490,0.98,0.2,0.19,0.01,0.05,0.96,531,NA,NA,NA,NA,NA,NA,NA,7.71,2.6,1.18,0.72,0.62,7.16,509,0.88,0.5,0.29,0.08,0.1,1.88,513,2.05,1.8,0.55,0.41,0.36,5.34,512
302,Leende2,Common oak ,Quercus robur,Zd21,poor,51.3305,5.5245,7.67,1.6,0.61,0.26,0.47,6.13,513,0.65,1.6,0.21,0.26,0.19,2.85,486,0.29,0.3,0.02,0.02,0.13,1.96,493,NA,NA,NA,NA,NA,NA,NA,6.13,2.4,0.78,0.55,0.81,9.58,498,0.43,1.3,0.18,0.28,0.21,3.58,482,2.61,1.9,0.7,0.59,0.53,8.02,493
303,Leende3,Scots pine ,Pinus sylvestris,Zd21,poor,51.3307,5.5233,2.21,0.6,0.18,0.21,0.3,4.13,553,0.49,0.6,0.13,0.07,0.07,1.46,506,0.9,0.2,0.16,0.01,0.06,1.62,552,NA,NA,NA,NA,NA,NA,NA,10.7,3.3,1.07,0.73,0.58,7.17,489,1.01,0.4,0.3,0.04,0.08,1.88,515,2.43,1.6,0.53,0.32,0.31,4.55,509
303,Leende3,Silver birch ,Betula pendula,Zd21,poor,51.3307,5.5233,2.37,1.1,0.45,0.26,0.33,6.32,550,NA,NA,NA,NA,NA,NA,NA,NA,NA,NA,NA,NA,NA,NA,0.52,0.5,0.24,0.08,0.09,1.78,485,4.39,1.8,0.67,0.38,0.37,6.58,524,1.09,0.9,0.34,0.17,0.14,3.21,487,2.01,1.7,0.63,0.51,0.37,6.81,501
304,Leende4,Japanese larch,Larix kaempferi,Hn21,poor,51.3251,5.5165,1.38,2.2,0.4,0.39,0.34,5.37,525,0.34,0.4,0.11,0.12,0.16,2.29,497,0.19,0.1,0.03,0.01,0.04,1.26,497,NA,NA,NA,NA,NA,NA,NA,3.91,2.5,0.67,0.6,0.61,8.85,519,0.86,0.5,0.21,0.09,0.14,2.11,510,2.5,1.9,0.54,0.54,0.66,8.81,514
305,Leende5,Norway spruce ,Picea abies,Hn21,poor,51.3257,5.5145,5.81,3,0.89,0.54,0.46,6.23,505,NA,NA,NA,NA,NA,NA,NA,NA,NA,NA,NA,NA,NA,NA,0.64,0.5,0.17,0.04,0.06,1.31,499,5.82,2.6,0.92,0.65,0.52,7.84,508,0.72,0.6,0.25,0.12,0.11,2.31,496,2.76,2.6,0.72,0.63,0.6,8.29,505
306,Leende6,Japanese larch,Larix kaempferi,Hn21,poor,51.3252,5.5141,1.97,2.5,0.51,0.4,0.59,5.5,522,0.55,0.7,0.16,0.15,0.14,2.11,488,0.16,0.2,0.03,0.01,0.05,1.4,495,NA,NA,NA,NA,NA,NA,NA,3.72,3.5,0.72,0.68,0.75,9.61,516,0.77,0.7,0.19,0.18,0.19,3,501,2.9,1.9,0.55,0.42,0.48,6.64,515
307,Leende7,Silver birch ,Betula pendula,Hd21,poor,51.3251,5.513,3.43,0.8,0.35,0.16,0.31,4.91,558,NA,NA,NA,NA,NA,NA,NA,NA,NA,NA,NA,NA,NA,NA,0.77,0.6,0.29,0.07,0.09,1.48,486,5.63,2,0.76,0.35,0.57,7.11,520,1.57,0.9,0.4,0.12,0.12,2.5,490,4.45,1.9,0.75,0.52,0.58,7.68,506
308,Leende8,Common oak ,Quercus robur,Zd21,poor,51.3246,5.5199,13.9,1.9,0.76,0.19,0.5,6.36,507,0.58,1.2,0.16,0.2,0.13,2.63,484,0.42,0.4,0.03,0.02,0.11,1.88,493,NA,NA,NA,NA,NA,NA,NA,6.91,2.4,1.23,0.5,0.72,9.15,504,0.89,1,0.31,0.14,0.13,2.53,473,3.1,1.6,0.81,0.48,0.54,8.13,496
